{
	"about_us": "We are thWe are the Maker We are the Maker e Maker We are thWe are the Maker We are the Maker We are the Maker We are the Maker We are the Maker We are the Maker We are the Maker We are the Maker We are the Maker We are the Maker e Maker We are the Make \n\n\n----S mAKER",
	"our_mission": "<p>We are thWe are the  Maker  We are the<b>  Maker </b> e  Maker  We are thWe are the  Maker  We are the  Maker  We are the  Maker  We are the  Maker  We are the  Maker  We are the  Maker  We are the  Maker  We are the  Maker  We are the  Maker  We are the  Maker  e  Maker  We are the  Maker is making shit.</p>",
	"desc": "NewWorld College",
	"qoute": "Quality Education is the best Qualit nX y",
	"data_one": "aNewWorld College is an imaginary College created around july 2018 to test the functionality of the gettew website creation functionality.Gettew is widely for simplification of school management suit craation and management.want to get started go to <a href=\"http://www.gettew.com\">www.gettew.com</a> now .WE ARE HERE \n",
	"data_two": "Ok worked on mobile NewWorld College is an imaginary College created around july 2018 to test the functionality of the gettew website creation functionality.Gettew is widely for simplification of school management suit craation and management.want to get started go to <a href=\"http://www.gettew.com\">www.gettew.com</a> now .adipiscing elit, sed do eiusmod tempor incididunt ut labore et dolore magna aliqua. Ut enim ad minim veniam, quis nostrud exercitation ullamco\n laboris nisi ut aliquip ex ea commodo consequat",
	"headeline_one": "No 1 ICT oriented  School In Ghana,Nigeria",
	"primary_color": "purple",
	"front_middle_bar_color": "black",
	"first_line": " Mike Tyson Group Of Schools IN AFRICA",
	"": null,
	"footer_word": "Hi there",
	"another": "",
	"address": "",
	"top_image": "pupils.jpg",
	"second_image": "students.jpeg"
}
