{
	"name": "Starter",
	"id": "starter",
	"version": 1.0,
	"api": 1.0,
	"author": "Olaniyi Ojeyinka",
	"author_link": "www.fb.com/niyiojeyinka",
	"admin_route_file": "admin_route.php",
	"public_route_file": "public_route.php",
	"asset_folder": "asset",
	"images": ["starter.jpg", "starter2.jpg"],
	"support": ["result_support"],
	"admin_options": [
		["fa fa-cogs", "Other Settings", "setting"],
		["fa fa-home", "Edit HomePage", "edit_home"]
	],
	"tags": ["responsive", "news", "login"]
}
