{
	"address": "internet HQ,Mars District ,Lagos Nigeria",
	"email": "Contact@combine.com.ng",
	"opening_hours": "School/Working Days 7am-4pm",
	"logo": "",
	"school_name": "Combine Group Of Schools",
	"speak": "Want to Speak with Us? call us",
	"phone": "(+234)-70126323749",
	"primary_color": "blue",
	"secondary_color": "red",
	"slider_bg": "",
	"hype_text": "The No 1 ICT Oriented School In Nigeria",
	"hype_text_tagline": "Bringing out the best out of the future leaders from today!",
	"hype_two": "Nigerian Government Accredited Secondary Schoool",
	"icon_one": "fa-book",
	"icon_one_text": "Academics",
	"icon_one_color": "red",
	"icon_one_text_color": "white",
	"icon_two": "fa-desktop",
	"icon_two_text": "ICT Oriented",
	"icon_two_color": "green",
	"icon_two_text_color": "white",
	"icon_three": "fa-futbol-o",
	"icon_three_text": "Sport Acts",
	"icon_three_color": "yellow",
	"icon_three_text_color": "white",
	"about_us_text": "About Us",
	"about_us_contents": "We are new kind of secondary school in nigera that is ICT Oriented and we truly making the world a better place to live through quality education for everyone.We are new kind of secondary school in nigera that is ICT Oriented and we truly making the world a better place to live through quality education for everyone.We are new kind of secondary school in nigera that is ICT Oriented and we truly making the world a better place to live through quality education for everyone.",
	"our_mission_text": "Our Mission",
	"our_mission_contents": "We are new kind of secondary school in nigera that is ICT Oriented and we truly making the world a better place to live through quality education for everyone.We are new kind of secondary school in nigera that is ICT Oriented and we truly making the world a better place to live through quality education for everyone.We are new kind of secondary school in nigera that is ICT Oriented and we truly making the world a better place to live through quality education for everyone.",
	"upcoming_events": "Upcoming Events",
	"our_blog_text": "Our Blog"
}
